X,Y,OBJECTID,Denominacao,Campeonatos,Website,Localidade,LatLong,FiabilidadeGeo,Freguesia,Concelho,Distrito,NUTSIII,NUTSII,NUTSI,ERT,PNCT,RNAP,RedeNatura2000Global,RedeNatura2000Sitios,RedeNatura2000ZPE,FaixaCosteira,ZonaCosteira,ZonaTerrestreProtecao,LimitePROT,LimitePOC,LimiteAlbufeiras,UNESCO,Geoparques,Biosfera,CodigoIdentificador,RedeAldeias,FreguesiasCosteiras,EstacaoNautica,NUTSIIICosteiras
-987085.498599999,5138574.2268,897055,Moledo do Minho,Não,http://www.portugalsurfguide.pt/spots/porto-e-nort,Moledo,"41,8502518645835 ; -8,86713990105666",Fiavel,União das freguesias de Moledo e Cristelo,Caminha,Viana do Castelo,Alto Minho,Norte,Continente,Turismo do Porto e Norte de Portugal,Não abrangido,Não abrangido,Rede Natura 2000 (Global),Litoral Norte,Estuários dos Rios Minho e Coura,Não abrangido,Não abrangido,Não abrangido,Norte,POC Caminha - Espinho,Não abrangido,Não abrangido,Não abrangido,Não abrangido,1,Não Abrangido,Sim,Não Abrangido,Sim
-986813.3167,5132843.2813,897056,Vila Praia de Âncora,Não,n.d.,Vila Praia de Âncora,"41,8118919158875 ; -8,86469484996421",Fiavel,Vila Praia de Âncora,Caminha,Viana do Castelo,Alto Minho,Norte,Continente,Turismo do Porto e Norte de Portugal,Não abrangido,Não abrangido,Rede Natura 2000 (Global),Litoral Norte,Não abrangido,Não abrangido,Não abrangido,Não abrangido,Norte,POC Caminha - Espinho,Não abrangido,Não abrangido,Não abrangido,Não abrangido,2,Não Abrangido,Sim,Não Abrangido,Sim
-987920.003699999,5126506.9713,897057,Praia da Arda / Bico,Não,http://www.portugalsurfguide.pt/spots/porto-e-nort,Afife,"41,7694532181315 ; -8,87463638784649",Fiavel,Afife,Viana do Castelo,Viana do Castelo,Alto Minho,Norte,Continente,Turismo do Porto e Norte de Portugal,Não abrangido,Não abrangido,Não abrangido,Não abrangido,Não abrangido,Não abrangido,Não abrangido,Não abrangido,Norte,POC Caminha - Espinho,Não abrangido,Não abrangido,Não abrangido,Não abrangido,3,Não Abrangido,Sim,Não Abrangido,Sim
-983227.293699998,5113062.9001,897058,Cabedelo / Luziamar / PC,Sim,n.d.,Darque,"41,6793158394318 ; -8,83248105677323",Fiavel,Darque,Viana do Castelo,Viana do Castelo,Alto Minho,Norte,Continente,Turismo do Porto e Norte de Portugal,Não abrangido,Não abrangido,Não abrangido,Não abrangido,Não abrangido,Não abrangido,Não abrangido,Não abrangido,Norte,POC Caminha - Espinho,Não abrangido,Não abrangido,Não abrangido,Não abrangido,4,Não Abrangido,Sim,Não Abrangido,Sim
-978284.335900001,5088906.5053,897059,Praia de Ofir,Não,n.d.,Esposende,"41,5170387716608 ; -8,78807771183825",Fiavel,União das freguesias de Apúlia e Fão,Esposende,Braga,Cávado,Norte,Continente,Turismo do Porto e Norte de Portugal,Não abrangido,Parque Natural - Litoral Norte,Rede Natura 2000 (Global),Litoral Norte,Não abrangido,Não abrangido,Não abrangido,Não abrangido,Norte,POC Caminha - Espinho,Não abrangido,Não abrangido,Não abrangido,Não abrangido,5,Não Abrangido,Sim,Não Abrangido,Sim
-977863.183200002,5076451.0156,897060,Aguçadoura,Não,http://www.portugalsurfguide.pt/spots/porto-e-nort,Aguçadoura,"41,4332062757791 ; -8,78429443265561",Fiavel,União das freguesias de Aguçadoura e Navais,Póvoa de Varzim,Porto,Área Metropolitana do Porto,Norte,Continente,Turismo do Porto e Norte de Portugal,Não abrangido,Não abrangido,Não abrangido,Não abrangido,Não abrangido,Não abrangido,Não abrangido,Não abrangido,Norte,POC Caminha - Espinho,Não abrangido,Não abrangido,Não abrangido,Não abrangido,6,Não Abrangido,Sim,Não Abrangido,Sim
-977422.611499999,5077565.3301,897061,Codicheira,Não,n.d.,Estela,"41,440710659147 ; -8,78033670939538",Fiavel,União das freguesias de Aguçadoura e Navais,Póvoa de Varzim,Porto,Área Metropolitana do Porto,Norte,Continente,Turismo do Porto e Norte de Portugal,Não abrangido,Não abrangido,Não abrangido,Não abrangido,Não abrangido,Não abrangido,Não abrangido,Não abrangido,Norte,POC Caminha - Espinho,Não abrangido,Não abrangido,Não abrangido,Não abrangido,7,Não Abrangido,Sim,Não Abrangido,Sim
-976583.3013,5069347.9039,897062,Verde a Redonda / Leixão,Não,n.d.,Praias Verde a Redonda,"41,3853497725978 ; -8,77279705768009",Fiavel,"União das freguesias da Póvoa de Varzim, Beiriz e Argivai",Póvoa de Varzim,Porto,Área Metropolitana do Porto,Norte,Continente,Turismo do Porto e Norte de Portugal,Não abrangido,Não abrangido,Não abrangido,Não abrangido,Não abrangido,Faixa Costeira (5km),Zona Costeira (2km),Zona Terrestre de Proteção (margem + 500m),Norte,POC Caminha - Espinho,Não abrangido,Não abrangido,Não abrangido,Não abrangido,8,Não Abrangido,Sim,Não Abrangido,Sim
-974475.807599999,5063572.3577,897063,Olinda Norte a Senhora da Guia (Praia Azul),Não,n.d.,Vila do Conde,"41,3464116264602 ; -8,75386511928866",Fiavel,Vila do Conde,Vila do Conde,Porto,Área Metropolitana do Porto,Norte,Continente,Turismo do Porto e Norte de Portugal,Não abrangido,Não abrangido,Não abrangido,Não abrangido,Não abrangido,Não abrangido,Não abrangido,Não abrangido,Norte,POC Caminha - Espinho,Não abrangido,Não abrangido,Não abrangido,Não abrangido,9,Não Abrangido,Sim,Não Abrangido,Sim
-973447.941,5062534.1352,897064,Azurara,Não,n.d.,Azurara,"41,3394095644328 ; -8,74463163716439",Fiavel,Azurara,Vila do Conde,Porto,Área Metropolitana do Porto,Norte,Continente,Turismo do Porto e Norte de Portugal,Não abrangido,Paisagem Protegida Regional - Litoral de Vila do Conde e Reserva Ornitologica do Mindelo,Não abrangido,Não abrangido,Não abrangido,Não abrangido,Não abrangido,Não abrangido,Norte,POC Caminha - Espinho,Não abrangido,Não abrangido,Não abrangido,Não abrangido,10,Não Abrangido,Sim,Não Abrangido,Sim
-970917.221099999,5046371.1284,897065,Memória,Não,n.d.,Perafita,"41,2303046674022 ; -8,7218977934342",Fiavel,"União das freguesias de Perafita, Lavra e Santa Cruz do Bispo",Matosinhos,Porto,Área Metropolitana do Porto,Norte,Continente,Turismo do Porto e Norte de Portugal,Não abrangido,Não abrangido,Não abrangido,Não abrangido,Não abrangido,Não abrangido,Não abrangido,Não abrangido,Norte,POC Caminha - Espinho,Não abrangido,Não abrangido,Não abrangido,Não abrangido,11,Não Abrangido,Sim,Não Abrangido,Sim
-969215.1472,5040294.475,897066,Leça da Palmeira,Não,n.d.,Leça da Palmeira,"41,1892383493657 ; -8,70660780358264",Fiavel,União das freguesias de Matosinhos e Leça da Palmeira,Matosinhos,Porto,Área Metropolitana do Porto,Norte,Continente,Turismo do Porto e Norte de Portugal,Não abrangido,Não abrangido,Não abrangido,Não abrangido,Não abrangido,Não abrangido,Não abrangido,Não abrangido,Norte,POC Caminha - Espinho,Não abrangido,Não abrangido,Não abrangido,Não abrangido,12,Não Abrangido,Sim,Não Abrangido,Sim
-967211.3682,5037675.3886,897067,Porto (Internacional),Não,http://www.portugalsurfguide.pt/spots/porto-e-nort,Nevogilde,"41,1715304876681 ; -8,68860755061699",Fiavel,"União das freguesias de Aldoar, Foz do Douro e Nevogilde",Porto,Porto,Área Metropolitana do Porto,Norte,Continente,Turismo do Porto e Norte de Portugal,Não abrangido,Não abrangido,Não abrangido,Não abrangido,Não abrangido,Não abrangido,Não abrangido,Não abrangido,Norte,POC Caminha - Espinho,Não abrangido,Não abrangido,Não abrangido,Não abrangido,13,Não Abrangido,Sim,Não Abrangido,Sim
-963710.113600001,5022172.2453,897068,Francemar a Miramar Sul,Não,n.d.,Arcozelo,"41,0666144125534 ; -8,65715524473333",Fiavel,Arcozelo,Vila Nova de Gaia,Porto,Área Metropolitana do Porto,Norte,Continente,Turismo do Porto e Norte de Portugal,Não abrangido,Não abrangido,Não abrangido,Não abrangido,Não abrangido,Não abrangido,Não abrangido,Não abrangido,Norte,POC Caminha - Espinho,Não abrangido,Não abrangido,Não abrangido,Não abrangido,14,Não Abrangido,Sim,Não Abrangido,Sim
-962573.366700001,5012411.9376,897069,Espinho (Baía e Rua 37),Sim,http://www.portugalsurfguide.pt/spots/porto-e-norte/espinho,Espinho,"41,0004764309861 ; -8,64694367392682",Fiavel,Espinho,Espinho,Aveiro,Área Metropolitana do Porto,Norte,Continente,Turismo do Porto e Norte de Portugal,Não abrangido,Não abrangido,Não abrangido,Não abrangido,Não abrangido,Não abrangido,Não abrangido,Não abrangido,Norte,POC Caminha - Espinho,Não abrangido,Não abrangido,Não abrangido,Não abrangido,15,Não Abrangido,Sim,Não Abrangido,Sim
-963321.7654,5006604.5908,897070,Esmoriz/Barrinha,Não,n.d.,Esmoriz,"40,9610930534007 ; -8,65366665386396",Fiavel,Esmoriz,Ovar,Aveiro,Região de Aveiro,Centro,Continente,Turismo do Centro de Portugal,Não abrangido,Não abrangido,Rede Natura 2000 (Global),Barrinha de Esmoriz,Não abrangido,Não abrangido,Não abrangido,Não abrangido,Centro,POC Ovar - Marinha Grande,Não abrangido,Não abrangido,Não abrangido,Não abrangido,16,Não Abrangido,Sim,Não Abrangido,Sim
-963691.041099999,5004953.5713,897071,Cortegaça,Não,n.d.,Cortegaça,"40,9498921289595 ; -8,65698391395667",Fiavel,Esmoriz,Ovar,Aveiro,Região de Aveiro,Centro,Continente,Turismo do Centro de Portugal,Não abrangido,Não abrangido,Não abrangido,Não abrangido,Não abrangido,Faixa Costeira (5km),Zona Costeira (2km),Zona Terrestre de Proteção (margem + 500m),Centro,POC Ovar - Marinha Grande,Não abrangido,Não abrangido,Não abrangido,Não abrangido,17,Não Abrangido,Sim,Não Abrangido,Sim
-964238.5766,5000656.8834,897072,São Pedro da Maceda,Não,n.d.,Maceda,"40,9207334266551 ; -8,66190250863342",Fiavel,Maceda,Ovar,Aveiro,Região de Aveiro,Centro,Continente,Turismo do Centro de Portugal,Não abrangido,Não abrangido,Não abrangido,Não abrangido,Não abrangido,Não abrangido,Não abrangido,Não abrangido,Centro,POC Ovar - Marinha Grande,Não abrangido,Não abrangido,Não abrangido,Não abrangido,18,Não Abrangido,Sim,Não Abrangido,Sim
-965997.408,4993707.2907,897073,Furadouro,Não,n.d.,Ovar,"40,8735440209943 ; -8,67770235997597",Fiavel,"União das freguesias de Ovar, São João, Arada e São Vicente de Pereira Jusã",Ovar,Aveiro,Região de Aveiro,Centro,Continente,Turismo do Centro de Portugal,Não abrangido,Não abrangido,Não abrangido,Não abrangido,Não abrangido,Não abrangido,Não abrangido,Não abrangido,Centro,POC Ovar - Marinha Grande,Não abrangido,Não abrangido,Não abrangido,Não abrangido,19,Não Abrangido,Sim,Não Abrangido,Sim
-973696.390700001,4963697.6511,897074,São Jacinto,Não,n.d.,São Jacinto,"40,6693849651067 ; -8,74686349876968",Fiavel,São Jacinto,Aveiro,Aveiro,Região de Aveiro,Centro,Continente,Turismo do Centro de Portugal,Não abrangido,Não abrangido,Rede Natura 2000 (Global),Ria de Aveiro,Ria de Aveiro,Não abrangido,Não abrangido,Não abrangido,Centro,POC Ovar - Marinha Grande,Não abrangido,Não abrangido,Não abrangido,Não abrangido,20,Não Abrangido,Sim,Não Abrangido,Sim
-973991.769299999,4958426.7616,897075,Praia da Barra,Não,http://www.portugalsurfguide.pt/spots/centro-de-portugal/praia-da-barra,Gafanha da Nazaré,"40,6334617429768 ; -8,74951692982953",Fiavel,Gafanha da Nazaré,Ílhavo,Aveiro,Região de Aveiro,Centro,Continente,Turismo do Centro de Portugal,Não abrangido,Não abrangido,Rede Natura 2000 (Global),Ria de Aveiro,Ria de Aveiro,Não abrangido,Não abrangido,Não abrangido,Centro,POC Ovar - Marinha Grande,Não abrangido,Não abrangido,Não abrangido,Não abrangido,21,Não Abrangido,Sim,Não Abrangido,Sim
-974375.145399999,4956236.3833,897076,Costa Nova,Não,n.d.,Gafanha da Nazaré,"40,6185277505396 ; -8,75296085596764",Fiavel,Gafanha da Encarnação,Ílhavo,Aveiro,Região de Aveiro,Centro,Continente,Turismo do Centro de Portugal,Não abrangido,Não abrangido,Rede Natura 2000 (Global),Ria de Aveiro,Ria de Aveiro,Não abrangido,Não abrangido,Não abrangido,Centro,POC Ovar - Marinha Grande,Não abrangido,Não abrangido,Não abrangido,Não abrangido,22,Não Abrangido,Sim,Não Abrangido,Sim
-976310.0425,4947910.2168,897077,Vagueira,Não,n.d.,Vagueira,"40,5617295014385 ; -8,77034233227419",Fiavel,Gafanha da Boa Hora,Vagos,Aveiro,Região de Aveiro,Centro,Continente,Turismo do Centro de Portugal,Não abrangido,Não abrangido,Rede Natura 2000 (Global),Ria de Aveiro,Ria de Aveiro,Não abrangido,Não abrangido,Não abrangido,Centro,POC Ovar - Marinha Grande,Não abrangido,Não abrangido,Não abrangido,Não abrangido,23,Não Abrangido,Sim,Não Abrangido,Sim
-980169.423999999,4931851.1523,897078,Praia de Mira,Não,n.d.,Praia de Mira,"40,4520438560217 ; -8,80501174614312",Fiavel,Praia de Mira,Mira,Coimbra,Região de Coimbra,Centro,Continente,Turismo do Centro de Portugal,Não abrangido,Não abrangido,Rede Natura 2000 (Global),"Dunas de Mira, Gândara e Gafanhas",Não abrangido,Não abrangido,Não abrangido,Não abrangido,Centro,POC Ovar - Marinha Grande,Não abrangido,Não abrangido,Não abrangido,Não abrangido,24,Não Abrangido,Sim,Não Abrangido,Sim
-982366.148499999,4922456.7272,897079,Palheirão,Não,n.d.,Tocha,"40,3877954808115 ; -8,82474525828387",Fiavel,Tocha,Cantanhede,Coimbra,Região de Coimbra,Centro,Continente,Turismo do Centro de Portugal,Não abrangido,Não abrangido,Rede Natura 2000 (Global),"Dunas de Mira, Gândara e Gafanhas",Não abrangido,Não abrangido,Não abrangido,Não abrangido,Centro,POC Ovar - Marinha Grande,Não abrangido,Não abrangido,Não abrangido,Não abrangido,25,Não Abrangido,Sim,Não Abrangido,Sim
-984615.8631,4913860.9802,897080,Praia Tocha,Não,n.d.,Tocha,"40,3289555113022 ; -8,84495478847695",Fiavel,Tocha,Cantanhede,Coimbra,Região de Coimbra,Centro,Continente,Turismo do Centro de Portugal,Não abrangido,Não abrangido,Rede Natura 2000 (Global),"Dunas de Mira, Gândara e Gafanhas",Não abrangido,Não abrangido,Não abrangido,Não abrangido,Centro,POC Ovar - Marinha Grande,Não abrangido,Não abrangido,Não abrangido,Não abrangido,26,Não Abrangido,Sim,Não Abrangido,Sim
-990051.791299999,4897552.7743,897081,Quiaios,Não,n.d.,Quiaios,"40,2171807985396 ; -8,89378656239381",Fiavel,Quiaios,Figueira da Foz,Coimbra,Região de Coimbra,Centro,Continente,Turismo do Centro de Portugal,Não abrangido,Não abrangido,Rede Natura 2000 (Global),"Dunas de Mira, Gândara e Gafanhas",Não abrangido,Não abrangido,Não abrangido,Não abrangido,Centro,POC Ovar - Marinha Grande,Não abrangido,Não abrangido,Não abrangido,Não abrangido,27,Não Abrangido,Sim,Não Abrangido,Sim
-990051.791299999,4897552.7743,897082,Murtinheira,Não,n.d.,Quiaios,"40,2171807985396 ; -8,89378656239381",Fiavel,Quiaios,Figueira da Foz,Coimbra,Região de Coimbra,Centro,Continente,Turismo do Centro de Portugal,Não abrangido,Não abrangido,Rede Natura 2000 (Global),"Dunas de Mira, Gândara e Gafanhas",Não abrangido,Não abrangido,Não abrangido,Não abrangido,Centro,POC Ovar - Marinha Grande,Não abrangido,Não abrangido,Não abrangido,Não abrangido,28,Não Abrangido,Sim,Não Abrangido,Sim
-989356.540600002,4890471.1868,897083,Praia do Cabo Mondego / Tamargueira (Buarcos),Não,http://www.portugalsurfguide.pt/spots/centro-de-portugal/buarcos,Cabo Mondego,"40,1685868314891 ; -8,88754101854532",Fiavel,Buarcos e São Julião,Figueira da Foz,Coimbra,Região de Coimbra,Centro,Continente,Turismo do Centro de Portugal,Não abrangido,Não abrangido,Rede Natura 2000 (Global),"Dunas de Mira, Gândara e Gafanhas",Não abrangido,Não abrangido,Não abrangido,Não abrangido,Centro,POC Ovar - Marinha Grande,Não abrangido,Não abrangido,Não abrangido,Não abrangido,29,Não Abrangido,Sim,Não Abrangido,Sim
-986598.7546,4885757.8463,897084,Figueira da Foz (praia do Cabedelo),Sim,http://www.portugalsurfguide.pt/spots/centro-de-portugal/cabedelo,Figueira da Foz,"40,1362245156786 ; -8,86276740557181",Fiavel,São Pedro,Figueira da Foz,Coimbra,Região de Coimbra,Centro,Continente,Turismo do Centro de Portugal,Não abrangido,Não abrangido,Não abrangido,Não abrangido,Não abrangido,Não abrangido,Não abrangido,Não abrangido,Centro,POC Ovar - Marinha Grande,Não abrangido,Não abrangido,Não abrangido,Não abrangido,30,Não Abrangido,Sim,Não Abrangido,Sim
-986734.0233,4884451.1588,897085,Cova,Não,n.d.,São Pedro,"40,1272499251641 ; -8,86398254463072",Fiavel,São Pedro,Figueira da Foz,Coimbra,Região de Coimbra,Centro,Continente,Turismo do Centro de Portugal,Não abrangido,Não abrangido,Não abrangido,Não abrangido,Não abrangido,Não abrangido,Não abrangido,Não abrangido,Centro,POC Ovar - Marinha Grande,Não abrangido,Não abrangido,Não abrangido,Não abrangido,31,Não Abrangido,Sim,Não Abrangido,Sim
-988170.565200001,4879124.7405,897086,Costa de Lavos,Não,n.d.,Lavos,"40,0906547609328 ; -8,87688722063053",Fiavel,Lavos,Figueira da Foz,Coimbra,Região de Coimbra,Centro,Continente,Turismo do Centro de Portugal,Não abrangido,Não abrangido,Não abrangido,Não abrangido,Não abrangido,Não abrangido,Não abrangido,Não abrangido,Centro,POC Ovar - Marinha Grande,Não abrangido,Não abrangido,Não abrangido,Não abrangido,32,Não Abrangido,Sim,Não Abrangido,Sim
-992282.631999999,4866432.4339,897087,Osso da Baleia,Não,n.d.,Carriço,"40,0033729113043 ; -8,91382654512666",Fiavel,Carriço,Pombal,Leiria,Região de Leiria,Centro,Continente,Turismo do Centro de Portugal,Não abrangido,Não abrangido,Não abrangido,Não abrangido,Não abrangido,Não abrangido,Não abrangido,Não abrangido,Centro,POC Ovar - Marinha Grande,Não abrangido,Não abrangido,Não abrangido,Não abrangido,33,Não Abrangido,Sim,Não Abrangido,Sim
-996480.9252,4854872.7686,897088,Pedrogão,Não,n.d.,Coimbrão,"39,9237827408579 ; -8,95154045423257",Fiavel,Coimbrão,Leiria,Leiria,Região de Leiria,Centro,Continente,Turismo do Centro de Portugal,Não abrangido,Não abrangido,Não abrangido,Não abrangido,Não abrangido,Não abrangido,Não abrangido,Não abrangido,Centro,POC Ovar - Marinha Grande,Não abrangido,Não abrangido,Não abrangido,Não abrangido,34,Não Abrangido,Sim,Não Abrangido,Sim
-998767.415899999,4847962.4993,897089,Vieira,Não,n.d.,Vieira de Leiria,"39,8761601761151 ; -8,97208034968665",Fiavel,Vieira de Leiria,Marinha Grande,Leiria,Região de Leiria,Centro,Continente,Turismo do Centro de Portugal,Não abrangido,Não abrangido,Não abrangido,Não abrangido,Não abrangido,Não abrangido,Não abrangido,Não abrangido,Centro,POC Ovar - Marinha Grande,Não abrangido,Não abrangido,Não abrangido,Não abrangido,35,Não Abrangido,Sim,Não Abrangido,Sim
-1005553.528,4830377.7929,897090,São Pedro de Moel,Não,n.d.,São Pedro de Moel,"39,7548248199718 ; -9,03304103210997",Fiavel,Marinha Grande,Marinha Grande,Leiria,Região de Leiria,Centro,Continente,Turismo do Centro de Portugal,Não abrangido,Não abrangido,Não abrangido,Não abrangido,Não abrangido,Não abrangido,Não abrangido,Não abrangido,Centro,POC Ovar - Marinha Grande,Não abrangido,Não abrangido,Não abrangido,Não abrangido,36,Não Abrangido,Sim,Não Abrangido,Sim
-1007482.4408,4822781.8156,897091,Paredes da Vitória,Não,n.d.,Paredes da Vitória,"39,702345963006 ; -9,05036875083943",Fiavel,União das freguesias de Pataias e Martingança,Alcobaça,Leiria,Oeste,Centro,Continente,Turismo do Centro de Portugal,Não abrangido,Não abrangido,Não abrangido,Não abrangido,Não abrangido,Não abrangido,Não abrangido,Não abrangido,Oeste e Vale do Tejo,POC Alcobaça - Cabo Espichel,Não abrangido,Não abrangido,Não abrangido,Não abrangido,37,Não Abrangido,Sim,Não Abrangido,Sim
-1011322.4774,4809489.3084,897092,Praia do Norte / Nazaré,Sim,n.d.,Nazaré,"39,6104150030868 ; -9,08486438649443",Fiavel,Nazaré,Nazaré,Leiria,Oeste,Centro,Continente,Turismo do Centro de Portugal,Não abrangido,Não abrangido,Não abrangido,Não abrangido,Não abrangido,Não abrangido,Não abrangido,Não abrangido,Oeste e Vale do Tejo,POC Alcobaça - Cabo Espichel,Não abrangido,Não abrangido,Não abrangido,Não abrangido,38,Não Abrangido,Sim,Não Abrangido,Sim
-1010060.4619,4807854.1447,897093,Praia da Vila / Nazaré,Não,n.d.,Nazaré,"39,5990977688952 ; -9,07352750793816",Fiavel,Nazaré,Nazaré,Leiria,Oeste,Centro,Continente,Turismo do Centro de Portugal,Não abrangido,Não abrangido,Não abrangido,Não abrangido,Não abrangido,Não abrangido,Não abrangido,Não abrangido,Oeste e Vale do Tejo,POC Alcobaça - Cabo Espichel,Não abrangido,Não abrangido,Não abrangido,Não abrangido,39,Não Abrangido,Sim,Não Abrangido,Sim
-1010729.9249,4805803.2378,897094,Praia do Sul ,Não,n.d.,Nazaré,"39,5849004938648 ; -9,07954139682762",Fiavel,Famalicão,Nazaré,Leiria,Oeste,Centro,Continente,Turismo do Centro de Portugal,Não abrangido,Não abrangido,Não abrangido,Não abrangido,Não abrangido,Não abrangido,Não abrangido,Não abrangido,Oeste e Vale do Tejo,POC Alcobaça - Cabo Espichel,Não abrangido,Não abrangido,Não abrangido,Não abrangido,40,Não Abrangido,Sim,Não Abrangido,Sim
-1027490.9693,4783851.8283,897095,Foz do Arelho,Não,n.d.,Foz do Arelho,"39,432761069852 ; -9,23010842033244",Fiavel,Foz do Arelho,Caldas da Rainha,Leiria,Oeste,Centro,Continente,Turismo do Centro de Portugal,Não abrangido,Não abrangido,Não abrangido,Não abrangido,Não abrangido,Não abrangido,Não abrangido,Não abrangido,Oeste e Vale do Tejo,POC Alcobaça - Cabo Espichel,Não abrangido,Não abrangido,Não abrangido,Não abrangido,41,Não Abrangido,Sim,Não Abrangido,Sim
-1036686.5776,4776179.8456,897096,Peniche (Almagreira),Não,n.d.,Ferrel,"39,379510048182 ; -9,31271397544433",Fiavel,Ferrel,Peniche,Leiria,Oeste,Centro,Continente,Turismo do Centro de Portugal,Não abrangido,Não abrangido,Rede Natura 2000 (Global),Peniche/Santa Cruz,Não abrangido,Faixa Costeira (5km),Zona Costeira (2km),Zona Terrestre de Proteção (margem + 500m),Oeste e Vale do Tejo,POC Alcobaça - Cabo Espichel,Não abrangido,Não abrangido,Não abrangido,Não abrangido,42,Não Abrangido,Sim,Não Abrangido,Sim
-1034833.1291,4777449.9058,897097,Peniche (Praia dos Belgas),Não,n.d.,Ferrel,"39,3883283095949 ; -9,2960641638499",Fiavel,Ferrel,Peniche,Leiria,Oeste,Centro,Continente,Turismo do Centro de Portugal,Não abrangido,Não abrangido,Rede Natura 2000 (Global),Peniche/Santa Cruz,Não abrangido,Não abrangido,Não abrangido,Não abrangido,Oeste e Vale do Tejo,POC Alcobaça - Cabo Espichel,Não abrangido,Não abrangido,Não abrangido,Não abrangido,43,Não Abrangido,Sim,Não Abrangido,Sim
-1041813.9089,4768604.8702,897098,Peniche (Consolação),Não,n.d.,Consolação,"39,3268924650178 ; -9,35877357557473",Fiavel,Atouguia da Baleia,Peniche,Leiria,Oeste,Centro,Continente,Turismo do Centro de Portugal,Não abrangido,Não abrangido,Rede Natura 2000 (Global),Peniche/Santa Cruz,Não abrangido,Não abrangido,Não abrangido,Não abrangido,Oeste e Vale do Tejo,POC Alcobaça - Cabo Espichel,Não abrangido,Não abrangido,Não abrangido,Não abrangido,44,Não Abrangido,Sim,Não Abrangido,Sim
-1039612.6575,4775416.8692,897099,Peniche (Lagido),Não,http://www.portugalsurfguide.pt/spots/lisboa-regiao/lagido,Ilha do Baleal,"39,3742120268594 ; -9,33899939840301",Fiavel,Ferrel,Peniche,Leiria,Oeste,Centro,Continente,Turismo do Centro de Portugal,Não abrangido,Não abrangido,Rede Natura 2000 (Global),Peniche/Santa Cruz,Não abrangido,Não abrangido,Não abrangido,Não abrangido,Oeste e Vale do Tejo,POC Alcobaça - Cabo Espichel,Não abrangido,Não abrangido,Não abrangido,Não abrangido,45,Não Abrangido,Sim,Não Abrangido,Sim
-1042636.9443,4771858.935,897100,Peniche (Molhe Leste),Não,http://www.portugalsurfguide.pt/spots/lisboa-regiao/cantinho-da-baia,Peniche,"39,3495008290137 ; -9,36616702855576",Fiavel,Peniche,Peniche,Leiria,Oeste,Centro,Continente,Turismo do Centro de Portugal,Não abrangido,Não abrangido,Não abrangido,Não abrangido,Não abrangido,Não abrangido,Não abrangido,Não abrangido,Oeste e Vale do Tejo,POC Alcobaça - Cabo Espichel,Não abrangido,Não abrangido,Não abrangido,Não abrangido,46,Não Abrangido,Sim,Não Abrangido,Sim
-1040451.8841,4766345.1099,897101,Peniche (Porto Batel),Não,n.d.,Atouguia da Baleia,"39,3111879584714 ; -9,34653829874613",Fiavel,Atouguia da Baleia,Peniche,Leiria,Oeste,Centro,Continente,Turismo do Centro de Portugal,Não abrangido,Não abrangido,Rede Natura 2000 (Global),Peniche/Santa Cruz,Não abrangido,Não abrangido,Não abrangido,Não abrangido,Oeste e Vale do Tejo,POC Alcobaça - Cabo Espichel,Não abrangido,Não abrangido,Não abrangido,Não abrangido,47,Não Abrangido,Sim,Não Abrangido,Sim
-1041288.332,4773430.1349,897102,Peniche (Praia Norte),Não,n.d.,Peniche,"39,3604144837742 ; -9,3540522378902",Fiavel,Ferrel,Peniche,Leiria,Oeste,Centro,Continente,Turismo do Centro de Portugal,Não abrangido,Não abrangido,Rede Natura 2000 (Global),Peniche/Santa Cruz,Não abrangido,Não abrangido,Não abrangido,Não abrangido,Oeste e Vale do Tejo,POC Alcobaça - Cabo Espichel,Não abrangido,Não abrangido,Não abrangido,Não abrangido,48,Não Abrangido,Sim,Não Abrangido,Sim
-1042264.1573,4771053.121,897103,Peniche (Supertubos),Sim,http://www.portugalsurfguide.pt/spots/lisboa-regiao/super-tubos,Atouguia da Baleia,"39,3439029314697 ; -9,36281822574568",Fiavel,Atouguia da Baleia,Peniche,Leiria,Oeste,Centro,Continente,Turismo do Centro de Portugal,Não abrangido,Não abrangido,Rede Natura 2000 (Global),Peniche/Santa Cruz,Não abrangido,Não abrangido,Não abrangido,Não abrangido,Oeste e Vale do Tejo,POC Alcobaça - Cabo Espichel,Não abrangido,Não abrangido,Não abrangido,Não abrangido,49,Não Abrangido,Sim,Não Abrangido,Sim
-1039250.1138,4759927.6849,897104,Areia Branca,Não,http://www.portugalsurfguide.pt/spots/lisboa-regiao/areia-branca,Praia da Areia Branca,"39,2665699855006 ; -9,33574261225421",Fiavel,União das freguesias de Lourinhã e Atalaia,Lourinhã,Lisboa,Oeste,Centro,Continente,Turismo do Centro de Portugal,Não abrangido,Não abrangido,Não abrangido,Não abrangido,Não abrangido,Não abrangido,Não abrangido,Não abrangido,Oeste e Vale do Tejo,POC Alcobaça - Cabo Espichel,Não abrangido,Não abrangido,Não abrangido,Não abrangido,50,Não Abrangido,Sim,Não Abrangido,Sim
-1039493.384,4758457.9955,897105,Areal Sul,Não,n.d.,Areia Branca,"39,2563477804432 ; -9,33792794586369",Fiavel,União das freguesias de Lourinhã e Atalaia,Lourinhã,Lisboa,Oeste,Centro,Continente,Turismo do Centro de Portugal,Não abrangido,Não abrangido,Rede Natura 2000 (Global),Peniche/Santa Cruz,Não abrangido,Não abrangido,Não abrangido,Não abrangido,Oeste e Vale do Tejo,POC Alcobaça - Cabo Espichel,Não abrangido,Não abrangido,Não abrangido,Não abrangido,51,Não Abrangido,Sim,Não Abrangido,Sim
-1039837.1421,4756853.5755,897106,Peralta,Não,n.d.,Portelas,"39,2451867750383 ; -9,34101597710991",Fiavel,União das freguesias de Lourinhã e Atalaia,Lourinhã,Lisboa,Oeste,Centro,Continente,Turismo do Centro de Portugal,Não abrangido,Não abrangido,Rede Natura 2000 (Global),Peniche/Santa Cruz,Não abrangido,Não abrangido,Não abrangido,Não abrangido,Oeste e Vale do Tejo,POC Alcobaça - Cabo Espichel,Não abrangido,Não abrangido,Não abrangido,Não abrangido,52,Não Abrangido,Sim,Não Abrangido,Sim
-1041843.503,4746217.4817,897107,Santa Rita,Não,n.d.,Valongo,"39,171152818632 ; -9,35903942396232",Fiavel,União das freguesias de A dos Cunhados e Maceira,Torres Vedras,Lisboa,Oeste,Centro,Continente,Turismo do Centro de Portugal,Não abrangido,Não abrangido,Rede Natura 2000 (Global),Peniche/Santa Cruz,Não abrangido,Não abrangido,Não abrangido,Não abrangido,Oeste e Vale do Tejo,POC Alcobaça - Cabo Espichel,Não abrangido,Não abrangido,Não abrangido,Não abrangido,53,Não Abrangido,Sim,Não Abrangido,Sim
-1044151.4154,4741620.4672,897108,"Santa Cruz (Navio, Marante e Pisão)",Não,http://www.portugalsurfguide.pt/spots/lisboa-regiao/santa-cruz,Santa Cruz,"39,1391305324777 ; -9,37977175360551",Fiavel,União das freguesias de A dos Cunhados e Maceira,Torres Vedras,Lisboa,Oeste,Centro,Continente,Turismo do Centro de Portugal,Não abrangido,Não abrangido,Rede Natura 2000 (Global),Peniche/Santa Cruz,Não abrangido,Não abrangido,Não abrangido,Não abrangido,Oeste e Vale do Tejo,POC Alcobaça - Cabo Espichel,Não abrangido,Não abrangido,Não abrangido,Não abrangido,54,Não Abrangido,Sim,Não Abrangido,Sim
-1046174.4557,4736980.0227,897109,Praia Azul,Não,n.d.,Santa Cruz,"39,1067909388721 ; -9,39794503400693",Fiavel,Silveira,Torres Vedras,Lisboa,Oeste,Centro,Continente,Turismo do Centro de Portugal,Não abrangido,Não abrangido,Rede Natura 2000 (Global),Sintra/Cascais,Não abrangido,Faixa Costeira (5km),Zona Costeira (2km),Zona Terrestre de Proteção (margem + 500m),Oeste e Vale do Tejo,POC Alcobaça - Cabo Espichel,Não abrangido,Não abrangido,Não abrangido,Não abrangido,55,Não Abrangido,Sim,Não Abrangido,Sim
-1048518.9106,4719961.7694,897110,Ribeira d' Ilhas,Sim,http://www.portugalsurfguide.pt/spots/lisboa-regiao/ribeira-d-ilhas,n.d.,"38,9880624794389 ; -9,41900563056323",Fiavel,Santo Isidoro,Mafra,Lisboa,Área Metropolitana de Lisboa,Área Metropolitana de Lisboa,Continente,Entidade Regional de Turismo da Região de Lisboa,Não abrangido,Não abrangido,Rede Natura 2000 (Global),Sintra/Cascais,Não abrangido,Não abrangido,Não abrangido,Não abrangido,Área Metropolitana de Lisboa,POC Alcobaça - Cabo Espichel,Não abrangido,Não abrangido,Não abrangido,Não abrangido,56,Não Abrangido,Sim,Não Abrangido,Sim
-1048796.4261,4723363.5732,897111,Ericeira (São Lourenço),Não,n.d.,n.d.,"39,0118112442373 ; -9,42149859509992",Fiavel,Santo Isidoro,Mafra,Lisboa,Área Metropolitana de Lisboa,Área Metropolitana de Lisboa,Continente,Entidade Regional de Turismo da Região de Lisboa,Não abrangido,Não abrangido,Rede Natura 2000 (Global),Sintra/Cascais,Não abrangido,Não abrangido,Não abrangido,Não abrangido,Área Metropolitana de Lisboa,POC Alcobaça - Cabo Espichel,Não abrangido,Não abrangido,Não abrangido,Não abrangido,57,Não Abrangido,Sim,Não Abrangido,Sim
-1049183.7142,4722310.7514,897112,Ericeira (Praia dos Coxos),Não,n.d.,n.d.,"39,0044621078763 ; -9,42497766326551",Fiavel,Santo Isidoro,Mafra,Lisboa,Área Metropolitana de Lisboa,Área Metropolitana de Lisboa,Continente,Entidade Regional de Turismo da Região de Lisboa,Não abrangido,Não abrangido,Rede Natura 2000 (Global),Sintra/Cascais,Não abrangido,Não abrangido,Não abrangido,Não abrangido,Área Metropolitana de Lisboa,POC Alcobaça - Cabo Espichel,Não abrangido,Não abrangido,Não abrangido,Não abrangido,58,Não Abrangido,Sim,Não Abrangido,Sim
-1049148.1912,4721674.3427,897113,Ericeira (Cave),Não,n.d.,n.d.,"39,0000193385524 ; -9,42465855453514",Fiavel,Santo Isidoro,Mafra,Lisboa,Área Metropolitana de Lisboa,Área Metropolitana de Lisboa,Continente,Entidade Regional de Turismo da Região de Lisboa,Não abrangido,Não abrangido,Rede Natura 2000 (Global),Sintra/Cascais,Não abrangido,Não abrangido,Não abrangido,Não abrangido,Área Metropolitana de Lisboa,POC Alcobaça - Cabo Espichel,Não abrangido,Não abrangido,Não abrangido,Não abrangido,59,Não Abrangido,Sim,Não Abrangido,Sim
-1048698.5974,4719320.4461,897114,Ericeira (Reef),Não,n.d.,n.d.,"38,9835843626811 ; -9,42061978494981",Fiavel,Ericeira,Mafra,Lisboa,Área Metropolitana de Lisboa,Área Metropolitana de Lisboa,Continente,Entidade Regional de Turismo da Região de Lisboa,Não abrangido,Não abrangido,Rede Natura 2000 (Global),Sintra/Cascais,Não abrangido,Faixa Costeira (5km),Zona Costeira (2km),Zona Terrestre de Proteção (margem + 500m),Área Metropolitana de Lisboa,POC Alcobaça - Cabo Espichel,Não abrangido,Não abrangido,Não abrangido,Não abrangido,60,Não Abrangido,Sim,Não Abrangido,Sim
-1048856.9824,4718757.3545,897115,Ericeira (Pedra Branca),Não,n.d.,n.d.,"38,9796522749999 ; -9,42204258174663",Fiavel,Ericeira,Mafra,Lisboa,Área Metropolitana de Lisboa,Área Metropolitana de Lisboa,Continente,Entidade Regional de Turismo da Região de Lisboa,Não abrangido,Não abrangido,Rede Natura 2000 (Global),Sintra/Cascais,Não abrangido,Faixa Costeira (5km),Zona Costeira (2km),Zona Terrestre de Proteção (margem + 500m),Área Metropolitana de Lisboa,POC Alcobaça - Cabo Espichel,Não abrangido,Não abrangido,Não abrangido,Não abrangido,61,Não Abrangido,Sim,Não Abrangido,Sim
-1048597.8441,4716926.6846,897116,Ericeira (Praia do Norte),Não,n.d.,n.d.,"38,9668671353684 ; -9,41971470210441",Fiavel,Ericeira,Mafra,Lisboa,Área Metropolitana de Lisboa,Área Metropolitana de Lisboa,Continente,Entidade Regional de Turismo da Região de Lisboa,Não abrangido,Não abrangido,Não abrangido,Não abrangido,Não abrangido,Não abrangido,Não abrangido,Não abrangido,Área Metropolitana de Lisboa,POC Alcobaça - Cabo Espichel,Não abrangido,Não abrangido,Não abrangido,Não abrangido,62,Não Abrangido,Sim,Não Abrangido,Sim
-1048130.1199,4715433.1756,897117,Ericeira (Praia do Sul),Não,n.d.,n.d.,"38,9564349702437 ; -9,41551306493168",Fiavel,Ericeira,Mafra,Lisboa,Área Metropolitana de Lisboa,Área Metropolitana de Lisboa,Continente,Entidade Regional de Turismo da Região de Lisboa,Não abrangido,Não abrangido,Rede Natura 2000 (Global),Sintra/Cascais,Não abrangido,Não abrangido,Não abrangido,Não abrangido,Área Metropolitana de Lisboa,POC Alcobaça - Cabo Espichel,Não abrangido,Não abrangido,Não abrangido,Não abrangido,63,Não Abrangido,Sim,Não Abrangido,Sim
-1048137.796,4713504.6385,897118,Ericeira (Foz do Lizandro),Não,http://www.portugalsurfguide.pt/spots/lisboa-regiao/foz-do-lizandro,n.d.,"38,9429618598813 ; -9,41558202018856",Fiavel,Carvoeira,Mafra,Lisboa,Área Metropolitana de Lisboa,Área Metropolitana de Lisboa,Continente,Entidade Regional de Turismo da Região de Lisboa,Não abrangido,Não abrangido,Rede Natura 2000 (Global),Sintra/Cascais,Não abrangido,Não abrangido,Não abrangido,Não abrangido,Área Metropolitana de Lisboa,POC Alcobaça - Cabo Espichel,Não abrangido,Não abrangido,Não abrangido,Não abrangido,64,Não Abrangido,Sim,Não Abrangido,Sim
-1048609.0797,4711908.6513,897119,Ericeira (São Julião),Não,n.d.,n.d.,"38,9318100672542 ; -9,41981563388314",Fiavel,União das freguesias de São João das Lampas e Terrugem,Sintra,Lisboa,Área Metropolitana de Lisboa,Área Metropolitana de Lisboa,Continente,Entidade Regional de Turismo da Região de Lisboa,Não abrangido,Parque Natural - Sintra-Cascais,Rede Natura 2000 (Global),Sintra/Cascais,Não abrangido,Não abrangido,Não abrangido,Não abrangido,Área Metropolitana de Lisboa,POC Alcobaça - Cabo Espichel,Não abrangido,Não abrangido,Não abrangido,Não abrangido,65,Não Abrangido,Sim,Não Abrangido,Sim
-1051886.4272,4702273.7511,897120,Magoito,Não,n.d.,Magoito,"38,8644499715733 ; -9,44925654711053",Fiavel,União das freguesias de São João das Lampas e Terrugem,Sintra,Lisboa,Área Metropolitana de Lisboa,Área Metropolitana de Lisboa,Continente,Entidade Regional de Turismo da Região de Lisboa,Não abrangido,Parque Natural - Sintra-Cascais,Rede Natura 2000 (Global),Sintra/Cascais,Não abrangido,Não abrangido,Não abrangido,Não abrangido,Área Metropolitana de Lisboa,POC Alcobaça - Cabo Espichel,Não abrangido,Não abrangido,Não abrangido,Não abrangido,66,Não Abrangido,Sim,Não Abrangido,Sim
-1053343.9106,4698833.2034,897121,Azenhas do Mar,Não,n.d.,Azenhas do Mar,"38,8403807273723 ; -9,46234934316286",Fiavel,Colares,Sintra,Lisboa,Área Metropolitana de Lisboa,Área Metropolitana de Lisboa,Continente,Entidade Regional de Turismo da Região de Lisboa,Não abrangido,Parque Natural - Sintra-Cascais,Não abrangido,Não abrangido,Não abrangido,Não abrangido,Não abrangido,Não abrangido,Área Metropolitana de Lisboa,POC Alcobaça - Cabo Espichel,Não abrangido,Não abrangido,Não abrangido,Não abrangido,67,Não Abrangido,Sim,Não Abrangido,Sim
-1054224.9547,4696726.528,897122,Praia das Maçãs,Não,n.d.,Praia das Maçãs,"38,8256389126297 ; -9,47026389682817",Fiavel,Colares,Sintra,Lisboa,Área Metropolitana de Lisboa,Área Metropolitana de Lisboa,Continente,Entidade Regional de Turismo da Região de Lisboa,Não abrangido,Parque Natural - Sintra-Cascais,Não abrangido,Não abrangido,Não abrangido,Não abrangido,Não abrangido,Não abrangido,Área Metropolitana de Lisboa,POC Alcobaça - Cabo Espichel,Não abrangido,Não abrangido,Não abrangido,Não abrangido,68,Não Abrangido,Sim,Não Abrangido,Sim
-1054593.5667,4695958.3212,897123,Praia Pequena,Não,n.d.,Rodízio,"38,820262497056 ; -9,47357519475151",Fiavel,Colares,Sintra,Lisboa,Área Metropolitana de Lisboa,Área Metropolitana de Lisboa,Continente,Entidade Regional de Turismo da Região de Lisboa,Não abrangido,Parque Natural - Sintra-Cascais,Rede Natura 2000 (Global),Sintra/Cascais,Não abrangido,Não abrangido,Não abrangido,Não abrangido,Área Metropolitana de Lisboa,POC Alcobaça - Cabo Espichel,Não abrangido,Não abrangido,Não abrangido,Não abrangido,69,Não Abrangido,Sim,Não Abrangido,Sim
-1055041.5933,4695059.6004,897124,Praia Grande,Não,http://www.portugalsurfguide.pt/spots/lisboa-regiao/praia-grande,Alto do Rodízio,"38,8139721432491 ; -9,47759988627496",Fiavel,Colares,Sintra,Lisboa,Área Metropolitana de Lisboa,Área Metropolitana de Lisboa,Continente,Entidade Regional de Turismo da Região de Lisboa,Não abrangido,Parque Natural - Sintra-Cascais,Rede Natura 2000 (Global),Sintra/Cascais,Não abrangido,Não abrangido,Não abrangido,Não abrangido,Área Metropolitana de Lisboa,POC Alcobaça - Cabo Espichel,Não abrangido,Não abrangido,Não abrangido,Não abrangido,70,Não Abrangido,Sim,Não Abrangido,Sim
-1055774.4032,4693703.9188,897125,Adraga,Não,n.d.,Almoçageme,"38,8044823644258 ; -9,48418282965074",Fiavel,Colares,Sintra,Lisboa,Área Metropolitana de Lisboa,Área Metropolitana de Lisboa,Continente,Entidade Regional de Turismo da Região de Lisboa,Não abrangido,Parque Natural - Sintra-Cascais,Rede Natura 2000 (Global),Sintra/Cascais,Não abrangido,Não abrangido,Não abrangido,Não abrangido,Área Metropolitana de Lisboa,POC Alcobaça - Cabo Espichel,Não abrangido,Não abrangido,Não abrangido,Não abrangido,71,Não Abrangido,Sim,Não Abrangido,Sim
-1054905.7056,4682456.5513,897126,Cascais (Guincho),Sim,http://www.portugalsurfguide.pt/spots/lisboa-regiao/guincho,n.d.,"38,7257019902291 ; -9,47637918688539",Fiavel,União das freguesias de Cascais e Estoril,Cascais,Lisboa,Área Metropolitana de Lisboa,Área Metropolitana de Lisboa,Continente,Entidade Regional de Turismo da Região de Lisboa,Não abrangido,Parque Natural - Sintra-Cascais,Rede Natura 2000 (Global),Sintra/Cascais,Não abrangido,Não abrangido,Não abrangido,Não abrangido,Área Metropolitana de Lisboa,POC Alcobaça - Cabo Espichel,Não abrangido,Não abrangido,Não abrangido,Não abrangido,72,Não Abrangido,Sim,Não Abrangido,Sim
-1055221.4109,4681621.9221,897127,Cascais (Crismina),Não,n.d.,n.d.,"38,7198524984213 ; -9,47921521510485",Fiavel,União das freguesias de Cascais e Estoril,Cascais,Lisboa,Área Metropolitana de Lisboa,Área Metropolitana de Lisboa,Continente,Entidade Regional de Turismo da Região de Lisboa,Não abrangido,Parque Natural - Sintra-Cascais,Rede Natura 2000 (Global),Sintra/Cascais,Não abrangido,Não abrangido,Não abrangido,Não abrangido,Área Metropolitana de Lisboa,POC Alcobaça - Cabo Espichel,Não abrangido,Não abrangido,Não abrangido,Não abrangido,73,Não Abrangido,Sim,Não Abrangido,Sim
-1047412.1377,4679077.5238,897128,Cascais (Rata),Não,n.d.,Monte Estoril,"38,7020171477564 ; -9,40906332056872",Fiavel,União das freguesias de Cascais e Estoril,Cascais,Lisboa,Área Metropolitana de Lisboa,Área Metropolitana de Lisboa,Continente,Entidade Regional de Turismo da Região de Lisboa,Não abrangido,Não abrangido,Não abrangido,Não abrangido,Não abrangido,Não abrangido,Não abrangido,Não abrangido,Área Metropolitana de Lisboa,POC Alcobaça - Cabo Espichel,Não abrangido,Não abrangido,Não abrangido,Não abrangido,74,Não Abrangido,Sim,Não Abrangido,Sim
-1046289.8062,4679201.9632,897129,Cascais (Tamariz),Não,n.d.,Estoril,"38,7028895280812 ; -9,39898124498252",Fiavel,União das freguesias de Cascais e Estoril,Cascais,Lisboa,Área Metropolitana de Lisboa,Área Metropolitana de Lisboa,Continente,Entidade Regional de Turismo da Região de Lisboa,Não abrangido,Não abrangido,Não abrangido,Não abrangido,Não abrangido,Não abrangido,Não abrangido,Não abrangido,Área Metropolitana de Lisboa,POC Alcobaça - Cabo Espichel,Não abrangido,Não abrangido,Não abrangido,Não abrangido,75,Não Abrangido,Sim,Não Abrangido,Sim
-1045506.4087,4679107.4273,897130,Poça,Não,n.d.,São João do Estoril,"38,7022267869916 ; -9,39194386560026",Fiavel,União das freguesias de Cascais e Estoril,Cascais,Lisboa,Área Metropolitana de Lisboa,Área Metropolitana de Lisboa,Continente,Entidade Regional de Turismo da Região de Lisboa,Não abrangido,Não abrangido,Não abrangido,Não abrangido,Não abrangido,Faixa Costeira (5km),Zona Costeira (2km),Zona Terrestre de Proteção (margem + 500m),Área Metropolitana de Lisboa,POC Alcobaça - Cabo Espichel,Não abrangido,Não abrangido,Não abrangido,Não abrangido,76,Não Abrangido,Sim,Não Abrangido,Sim
-1043161.3163,4677939.5595,897131,Cascais (São Pedro),Sim,n.d.,São Pedro do Estoril,"38,6940389722504 ; -9,37087754190865",Fiavel,União das freguesias de Cascais e Estoril,Cascais,Lisboa,Área Metropolitana de Lisboa,Área Metropolitana de Lisboa,Continente,Entidade Regional de Turismo da Região de Lisboa,Não abrangido,Não abrangido,Não abrangido,Não abrangido,Não abrangido,Faixa Costeira (5km),Zona Costeira (2km),Zona Terrestre de Proteção (margem + 500m),Área Metropolitana de Lisboa,POC Alcobaça - Cabo Espichel,Não abrangido,Não abrangido,Não abrangido,Não abrangido,77,Não Abrangido,Sim,Não Abrangido,Sim
-1041236.4974,4676772.4577,897132,Parede,Não,n.d.,Parede,"38,6858555921302 ; -9,35358660032878",Fiavel,União das freguesias de Carcavelos e Parede,Cascais,Lisboa,Área Metropolitana de Lisboa,Área Metropolitana de Lisboa,Continente,Entidade Regional de Turismo da Região de Lisboa,Não abrangido,Não abrangido,Não abrangido,Não abrangido,Não abrangido,Faixa Costeira (5km),Zona Costeira (2km),Zona Terrestre de Proteção (margem + 500m),Área Metropolitana de Lisboa,POC Alcobaça - Cabo Espichel,Não abrangido,Não abrangido,Não abrangido,Não abrangido,78,Não Abrangido,Sim,Não Abrangido,Sim
-1039146.6455,4675892.7705,897133,Carcavelos,Não,http://www.portugalsurfguide.pt/spots/lisboa-regiao/carcavelos,Carcavelos,"38,6796868606465 ; -9,33481314079338",Fiavel,União das freguesias de Carcavelos e Parede,Cascais,Lisboa,Área Metropolitana de Lisboa,Área Metropolitana de Lisboa,Continente,Entidade Regional de Turismo da Região de Lisboa,Não abrangido,Não abrangido,Não abrangido,Não abrangido,Não abrangido,Não abrangido,Não abrangido,Não abrangido,Área Metropolitana de Lisboa,POC Alcobaça - Cabo Espichel,Não abrangido,Não abrangido,Não abrangido,Não abrangido,79,Não Abrangido,Sim,Não Abrangido,Sim
-1037867.2822,4675372.5952,897134,Torre,Não,n.d.,Alto da Barra,"38,6760389257245 ; -9,32332042469801",Fiavel,"União das freguesias de Oeiras e São Julião da Barra, Paço de Arcos e Caxias",Oeiras,Lisboa,Área Metropolitana de Lisboa,Área Metropolitana de Lisboa,Continente,Entidade Regional de Turismo da Região de Lisboa,Não abrangido,Não abrangido,Não abrangido,Não abrangido,Não abrangido,Faixa Costeira (5km),Zona Costeira (2km),Zona Terrestre de Proteção (margem + 500m),Área Metropolitana de Lisboa,Não abrangido,Não abrangido,Não abrangido,Não abrangido,Não abrangido,80,Não Abrangido,Sim,Não Abrangido,Sim
-1036384.8754,4676680.7583,897135,Santo Amaro,Não,n.d.,Santo Amaro de Oeiras,"38,6852125828778 ; -9,31000373799228",Fiavel,"União das freguesias de Oeiras e São Julião da Barra, Paço de Arcos e Caxias",Oeiras,Lisboa,Área Metropolitana de Lisboa,Área Metropolitana de Lisboa,Continente,Entidade Regional de Turismo da Região de Lisboa,Não abrangido,Não abrangido,Não abrangido,Não abrangido,Não abrangido,Faixa Costeira (5km),Zona Costeira (2km),Não abrangido,Área Metropolitana de Lisboa,Não abrangido,Não abrangido,Não abrangido,Não abrangido,Não abrangido,81,Não Abrangido,Sim,Não Abrangido,Sim
-1034865.4968,4677465.0247,897136,Paço de Arcos,Não,n.d.,Paço de Arcos,"38,6907117847913 ; -9,29635492797401",Fiavel,"União das freguesias de Oeiras e São Julião da Barra, Paço de Arcos e Caxias",Oeiras,Lisboa,Área Metropolitana de Lisboa,Área Metropolitana de Lisboa,Continente,Entidade Regional de Turismo da Região de Lisboa,Não abrangido,Não abrangido,Não abrangido,Não abrangido,Não abrangido,Faixa Costeira (5km),Não abrangido,Não abrangido,Área Metropolitana de Lisboa,Não abrangido,Não abrangido,Não abrangido,Não abrangido,Não abrangido,82,Não Abrangido,Sim,Não Abrangido,Sim
-1032795.7785,4678604.8309,897137,Caxias,Não,n.d.,Caxias,"38,6987032444585 ; -9,27776233217688",Fiavel,"União das freguesias de Oeiras e São Julião da Barra, Paço de Arcos e Caxias",Oeiras,Lisboa,Área Metropolitana de Lisboa,Área Metropolitana de Lisboa,Continente,Entidade Regional de Turismo da Região de Lisboa,Não abrangido,Não abrangido,Não abrangido,Não abrangido,Não abrangido,Faixa Costeira (5km),Não abrangido,Não abrangido,Área Metropolitana de Lisboa,Não abrangido,Não abrangido,Não abrangido,Não abrangido,Não abrangido,83,Não Abrangido,Sim,Não Abrangido,Sim
-1012139.4709,4672789.1426,897138,Bico do Mexilhoeiro,Não,n.d.,n.d.,"38,6579186887817 ; -9,0922035633422",Fiavel,União das freguesias de Barreiro e Lavradio,Barreiro,Setúbal,Área Metropolitana de Lisboa,Área Metropolitana de Lisboa,Continente,Entidade Regional de Turismo da Região de Lisboa,Não abrangido,Não abrangido,Não abrangido,Não abrangido,Não abrangido,Não abrangido,Não abrangido,Não abrangido,Área Metropolitana de Lisboa,Não abrangido,Não abrangido,Não abrangido,Não abrangido,Não abrangido,84,Não Abrangido,Sim,Não Abrangido,Sim
-1030396.6899,4673195.8337,897139,Costa da Caparica (São João Lorosae),Não,http://www.portugalsurfguide.pt/spots/lisboa-regiao/sao-joao-lorosae,Costa da Caparica,"38,6607715089333 ; -9,25621095201327",Fiavel,União das freguesias de Caparica e Trafaria,Almada,Setúbal,Área Metropolitana de Lisboa,Área Metropolitana de Lisboa,Continente,Entidade Regional de Turismo da Região de Lisboa,Não abrangido,Não abrangido,Não abrangido,Não abrangido,Não abrangido,Não abrangido,Não abrangido,Não abrangido,Área Metropolitana de Lisboa,POC Alcobaça - Cabo Espichel,Não abrangido,Não abrangido,Não abrangido,Não abrangido,85,Não Abrangido,Sim,Não Abrangido,Sim
-1022173.064,4651963.6202,897140,Lagoa de Albufeira,Não,n.d.,n.d.,"38,5116818698412 ; -9,18233686425684",Fiavel,Sesimbra (Castelo),Sesimbra,Setúbal,Área Metropolitana de Lisboa,Área Metropolitana de Lisboa,Continente,Entidade Regional de Turismo da Região de Lisboa,Não abrangido,Não abrangido,Rede Natura 2000 (Global),Fernão Ferro/Lagoa de Albufeira,Não abrangido,Não abrangido,Não abrangido,Não abrangido,Área Metropolitana de Lisboa,POC Alcobaça - Cabo Espichel,Não abrangido,Não abrangido,Não abrangido,Não abrangido,86,Não Abrangido,Sim,Não Abrangido,Sim
-1023282.0998,4645324.0802,897141,Praia das Bicas,Não,n.d.,n.d.,"38,4649964346442 ; -9,19229950253198",Fiavel,Sesimbra (Castelo),Sesimbra,Setúbal,Área Metropolitana de Lisboa,Área Metropolitana de Lisboa,Continente,Entidade Regional de Turismo da Região de Lisboa,Não abrangido,Não abrangido,Rede Natura 2000 (Global),Arrábida/Espichel,Não abrangido,Não abrangido,Não abrangido,Não abrangido,Área Metropolitana de Lisboa,POC Alcobaça - Cabo Espichel,Não abrangido,Não abrangido,Não abrangido,Não abrangido,87,Não Abrangido,Sim,Não Abrangido,Sim
-1013619.0699,4642216.8987,897142,Sesimbra,Não,n.d.,Sesimbra,"38,4431381290168 ; -9,10549502763737",Fiavel,Sesimbra (Santiago),Sesimbra,Setúbal,Área Metropolitana de Lisboa,Área Metropolitana de Lisboa,Continente,Entidade Regional de Turismo da Região de Lisboa,Não abrangido,Não abrangido,Não abrangido,Não abrangido,Não abrangido,Não abrangido,Não abrangido,Não abrangido,Área Metropolitana de Lisboa,POC Espichel - Odeceixe,Não abrangido,Não abrangido,Não abrangido,Não abrangido,88,Não Abrangido,Sim,Não Abrangido,Sim
-978915.322099999,4597587.8003,897143,Melides,Não,n.d.,Melides,"38,1284527218247 ; -8,79374595732953",Fiavel,Melides,Grândola,Setúbal,Alentejo Litoral,Alentejo,Continente,Turismo do Alentejo,PNCT - Área de Intervenção,Não abrangido,Rede Natura 2000 (Global),Comporta/Galé,Não abrangido,Faixa Costeira (5km),Zona Costeira (2km),Zona Terrestre de Proteção (margem + 500m),Alentejo,POC Espichel - Odeceixe,Não abrangido,Não abrangido,Não abrangido,Não abrangido,89,Não Abrangido,Sim,Não Abrangido,Sim
-980133.4954,4568101.379,897144,São Torpes / Pontão / Trinca Espinhas,Não,http://www.portugalsurfguide.pt/spots/alentejo/sao-torpes,São Torpes,"37,9197925553006 ; -8,80468899404725",Fiavel,Sines,Sines,Setúbal,Alentejo Litoral,Alentejo,Continente,Turismo do Alentejo,Não abrangido,Parque Natural - Sudoeste Alentejano e Costa Vicentina,Rede Natura 2000 (Global),Costa Sudoeste,Não abrangido,Não abrangido,Não abrangido,Não abrangido,Alentejo,POC Espichel - Odeceixe,Não abrangido,Não abrangido,Não abrangido,Não abrangido,90,Não Abrangido,Sim,Não Abrangido,Sim
-980518.374499999,4568983.2722,897145,São Torpes / Pico Louco,Não,n.d.,n.d.,"37,9260418758995 ; -8,80814642144098",Fiavel,Sines,Sines,Setúbal,Alentejo Litoral,Alentejo,Continente,Turismo do Alentejo,Não abrangido,Não abrangido,Rede Natura 2000 (Global),Costa Sudoeste,Não abrangido,Não abrangido,Não abrangido,Não abrangido,Alentejo,POC Espichel - Odeceixe,Não abrangido,Não abrangido,Não abrangido,Não abrangido,91,Não Abrangido,Sim,Não Abrangido,Sim
-979294.400699999,4564531.1868,897146,Oliveirinha / L-Point,Não,n.d.,n.d.,"37,8944878360913 ; -8,79715127771684",Fiavel,Porto Covo,Sines,Setúbal,Alentejo Litoral,Alentejo,Continente,Turismo do Alentejo,Não abrangido,Parque Natural - Sudoeste Alentejano e Costa Vicentina,Rede Natura 2000 (Global),Costa Sudoeste,Não abrangido,Não abrangido,Não abrangido,Não abrangido,Alentejo,POC Espichel - Odeceixe,Não abrangido,Não abrangido,Não abrangido,Não abrangido,92,Não Abrangido,Sim,Não Abrangido,Sim
-978788.499699999,4559271.7216,897147,Porto Côvo / Praia Grande,Não,n.d.,n.d.,"37,8571940791418 ; -8,79260669173392",Fiavel,Porto Covo,Sines,Setúbal,Alentejo Litoral,Alentejo,Continente,Turismo do Alentejo,Não abrangido,Parque Natural - Sudoeste Alentejano e Costa Vicentina,Rede Natura 2000 (Global),Costa Sudoeste,Não abrangido,Faixa Costeira (5km),Zona Costeira (2km),Zona Terrestre de Proteção (margem + 500m),Alentejo,POC Espichel - Odeceixe,Não abrangido,Não abrangido,Não abrangido,Não abrangido,93,Não Abrangido,Sim,Não Abrangido,Sim
-979003.917199999,4553007.41,897148,Aivados,Não,n.d.,n.d.,"37,8127505371624 ; -8,79454182049978",Fiavel,Vila Nova de Milfontes,Odemira,Beja,Alentejo Litoral,Alentejo,Continente,Turismo do Alentejo,PNCT - Área de Intervenção,Parque Natural - Sudoeste Alentejano e Costa Vicentina,Rede Natura 2000 (Global),Costa Sudoeste,Costa Sudoeste,Não abrangido,Não abrangido,Não abrangido,Alentejo,POC Espichel - Odeceixe,Não abrangido,Não abrangido,Não abrangido,Não abrangido,94,Não Abrangido,Sim,Não Abrangido,Sim
-979769.017099999,4549214.3509,897149,Malhão,Não,http://www.portugalsurfguide.pt/spots/alentejo/malhao,n.d.,"37,7858268288015 ; -8,80141482999384",Fiavel,Vila Nova de Milfontes,Odemira,Beja,Alentejo Litoral,Alentejo,Continente,Turismo do Alentejo,PNCT - Área de Intervenção,Parque Natural - Sudoeste Alentejano e Costa Vicentina,Rede Natura 2000 (Global),Costa Sudoeste,Costa Sudoeste,Não abrangido,Não abrangido,Não abrangido,Alentejo,POC Espichel - Odeceixe,Não abrangido,Não abrangido,Não abrangido,Não abrangido,95,Não Abrangido,Sim,Não Abrangido,Sim
-978519.582199998,4539782.0724,897150,Vila Nova de Milfontes,Não,n.d.,Vila Nova de Milfontes,"37,7188325544874 ; -8,79019096529973",Fiavel,Vila Nova de Milfontes,Odemira,Beja,Alentejo Litoral,Alentejo,Continente,Turismo do Alentejo,PNCT - Área de Intervenção,Parque Natural - Sudoeste Alentejano e Costa Vicentina,Rede Natura 2000 (Global),Costa Sudoeste,Costa Sudoeste,Não abrangido,Não abrangido,Não abrangido,Alentejo,POC Espichel - Odeceixe,Não abrangido,Não abrangido,Não abrangido,Não abrangido,96,Não Abrangido,Sim,Não Abrangido,Sim
-978155.4661,4512275.1904,897151,Zambujeira do Mar,Não,n.d.,Zambujeira do Mar,"37,5231143622434 ; -8,78692005416465",Fiavel,São Teotónio,Odemira,Beja,Alentejo Litoral,Alentejo,Continente,Turismo do Alentejo,PNCT - Área de Intervenção,Parque Natural - Sudoeste Alentejano e Costa Vicentina,Rede Natura 2000 (Global),Costa Sudoeste,Costa Sudoeste,Não abrangido,Não abrangido,Não abrangido,Alentejo,POC Espichel - Odeceixe,Não abrangido,Não abrangido,Não abrangido,Não abrangido,97,Não Abrangido,Sim,Não Abrangido,Sim
-978254.982700001,4511696.2957,897152,Alteirinhos,Não,n.d.,Zambujeira do Mar,"37,5189898505162 ; -8,78781402750797",Fiavel,São Teotónio,Odemira,Beja,Alentejo Litoral,Alentejo,Continente,Turismo do Alentejo,PNCT - Área de Intervenção,Parque Natural - Sudoeste Alentejano e Costa Vicentina,Rede Natura 2000 (Global),Costa Sudoeste,Costa Sudoeste,Não abrangido,Não abrangido,Não abrangido,Alentejo,POC Espichel - Odeceixe,Não abrangido,Não abrangido,Não abrangido,Não abrangido,98,Não Abrangido,Sim,Não Abrangido,Sim
-979283.074700002,4500894.3247,897153,Praia de Odeceixe,Não,n.d.,Odeceixe,"37,4419861096737 ; -8,79704953472753",Fiavel,Odeceixe,Aljezur,Faro,Algarve,Algarve,Continente,Região de Turismo do Algarve,PNCT - Área de Intervenção,Parque Natural - Sudoeste Alentejano e Costa Vicentina,Rede Natura 2000 (Global),Costa Sudoeste,Costa Sudoeste,Não abrangido,Não abrangido,Não abrangido,Algarve,POC Odeceixe - Vilamoura,Não abrangido,Não abrangido,Não abrangido,Não abrangido,99,Não Abrangido,Sim,Não Abrangido,Sim
-984566.568399999,4488230.0157,897154,Amoreira,Não,n.d.,n.d.,"37,351605349814 ; -8,84451196592461",Fiavel,Aljezur,Aljezur,Faro,Algarve,Algarve,Continente,Região de Turismo do Algarve,PNCT - Área de Intervenção,Parque Natural - Sudoeste Alentejano e Costa Vicentina,Rede Natura 2000 (Global),Costa Sudoeste,Costa Sudoeste,Não abrangido,Não abrangido,Não abrangido,Algarve,POC Odeceixe - Vilamoura,Não abrangido,Não abrangido,Não abrangido,Não abrangido,100,Não Abrangido,Sim,Não Abrangido,Sim
-985473.8222,4486993.6776,897155,Monte Clérigo,Não,n.d.,n.d.,"37,3427761971083 ; -8,85266196604017",Fiavel,Aljezur,Aljezur,Faro,Algarve,Algarve,Continente,Região de Turismo do Algarve,PNCT - Área de Intervenção,Parque Natural - Sudoeste Alentejano e Costa Vicentina,Rede Natura 2000 (Global),Costa Sudoeste,Costa Sudoeste,Não abrangido,Não abrangido,Não abrangido,Algarve,POC Odeceixe - Vilamoura,Não abrangido,Não abrangido,Não abrangido,Não abrangido,101,Não Abrangido,Sim,Não Abrangido,Sim
-986925.4344,4480208.7567,897156,Arrifana,Não,http://www.portugalsurfguide.pt/spots/algarve/arrifana,n.d.,"37,2943040610233 ; -8,86570201972875",Fiavel,Aljezur,Aljezur,Faro,Algarve,Algarve,Continente,Região de Turismo do Algarve,PNCT - Área de Intervenção,Parque Natural - Sudoeste Alentejano e Costa Vicentina,Rede Natura 2000 (Global),Costa Sudoeste,Costa Sudoeste,Não abrangido,Não abrangido,Não abrangido,Algarve,POC Odeceixe - Vilamoura,Não abrangido,Não abrangido,Não abrangido,Não abrangido,102,Não Abrangido,Sim,Não Abrangido,Sim
-987284.6459,4473795.1489,897157,Vale Figueiras,Não,n.d.,n.d.,"37,2484558865427 ; -8,86892887155408",Fiavel,Bordeira,Aljezur,Faro,Algarve,Algarve,Continente,Região de Turismo do Algarve,PNCT - Área de Intervenção,Parque Natural - Sudoeste Alentejano e Costa Vicentina,Rede Natura 2000 (Global),Costa Sudoeste,Costa Sudoeste,Não abrangido,Não abrangido,Não abrangido,Algarve,POC Odeceixe - Vilamoura,Não abrangido,Não abrangido,Não abrangido,Não abrangido,103,Não Abrangido,Sim,Não Abrangido,Sim
-991079.015299998,4466648.1672,897158,Bordeira,Não,n.d.,n.d.,"37,197332249366 ; -8,90301427219319",Fiavel,Bordeira,Aljezur,Faro,Algarve,Algarve,Continente,Região de Turismo do Algarve,PNCT - Área de Intervenção,Parque Natural - Sudoeste Alentejano e Costa Vicentina,Rede Natura 2000 (Global),Costa Sudoeste,Costa Sudoeste,Não abrangido,Não abrangido,Não abrangido,Algarve,POC Odeceixe - Vilamoura,Não abrangido,Não abrangido,Não abrangido,Não abrangido,104,Não Abrangido,Sim,Não Abrangido,Sim
-991018.827599999,4462299.2142,897159,Amado,Não,http://www.portugalsurfguide.pt/spots/algarve/amado,n.d.,"37,1662064552899 ; -8,90247359653681",Fiavel,Bordeira,Aljezur,Faro,Algarve,Algarve,Continente,Região de Turismo do Algarve,PNCT - Área de Intervenção,Parque Natural - Sudoeste Alentejano e Costa Vicentina,Rede Natura 2000 (Global),Costa Sudoeste,Costa Sudoeste,Não abrangido,Não abrangido,Não abrangido,Algarve,POC Odeceixe - Vilamoura,Não abrangido,Não abrangido,Não abrangido,Não abrangido,105,Não Abrangido,Sim,Não Abrangido,Sim
-991715.863600001,4460755.0359,897160,Murração,Não,n.d.,n.d.,"37,1551515658538 ; -8,9087351774975",Fiavel,Vila do Bispo e Raposeira,Vila do Bispo,Faro,Algarve,Algarve,Continente,Região de Turismo do Algarve,PNCT - Área de Intervenção,Parque Natural - Sudoeste Alentejano e Costa Vicentina,Rede Natura 2000 (Global),Costa Sudoeste,Costa Sudoeste,Não abrangido,Não abrangido,Não abrangido,Algarve,POC Odeceixe - Vilamoura,Não abrangido,Não abrangido,Não abrangido,Não abrangido,106,Não Abrangido,Sim,Não Abrangido,Sim
-994867.322000001,4454353.7557,897161,Cordoama,Não,http://www.portugalsurfguide.pt/spots/algarve/cordoama,n.d.,"37,1093070775567 ; -8,93704521031952",Fiavel,Vila do Bispo e Raposeira,Vila do Bispo,Faro,Algarve,Algarve,Continente,Região de Turismo do Algarve,PNCT - Área de Intervenção,Parque Natural - Sudoeste Alentejano e Costa Vicentina,Rede Natura 2000 (Global),Costa Sudoeste,Costa Sudoeste,Não abrangido,Não abrangido,Não abrangido,Algarve,POC Odeceixe - Vilamoura,Não abrangido,Não abrangido,Não abrangido,Não abrangido,107,Não Abrangido,Sim,Não Abrangido,Sim
-995821.369199999,4453088.0045,897162,Castelejo,Não,n.d.,n.d.,"37,1002387716312 ; -8,94561556209853",Fiavel,Vila do Bispo e Raposeira,Vila do Bispo,Faro,Algarve,Algarve,Continente,Região de Turismo do Algarve,PNCT - Área de Intervenção,Parque Natural - Sudoeste Alentejano e Costa Vicentina,Rede Natura 2000 (Global),Costa Sudoeste,Costa Sudoeste,Não abrangido,Não abrangido,Não abrangido,Algarve,POC Odeceixe - Vilamoura,Não abrangido,Não abrangido,Não abrangido,Não abrangido,108,Não Abrangido,Sim,Não Abrangido,Sim
-997807.6325,4448700.8094,897163,Ponta Ruiva,Não,n.d.,n.d.,"37,0687988945046 ; -8,9634584686941",Fiavel,Sagres,Vila do Bispo,Faro,Algarve,Algarve,Continente,Região de Turismo do Algarve,PNCT - Área de Intervenção,Parque Natural - Sudoeste Alentejano e Costa Vicentina,Rede Natura 2000 (Global),Costa Sudoeste,Costa Sudoeste,Não abrangido,Não abrangido,Não abrangido,Algarve,POC Odeceixe - Vilamoura,Não abrangido,Não abrangido,Não abrangido,Não abrangido,109,Não Abrangido,Sim,Não Abrangido,Sim
-999548.430799998,4445547.7467,897164,Telheiro,Não,n.d.,n.d.,"37,0461951049849 ; -8,97909632645508",Fiavel,Sagres,Vila do Bispo,Faro,Algarve,Algarve,Continente,Região de Turismo do Algarve,PNCT - Área de Intervenção,Parque Natural - Sudoeste Alentejano e Costa Vicentina,Rede Natura 2000 (Global),Costa Sudoeste,Costa Sudoeste,Não abrangido,Não abrangido,Não abrangido,Algarve,POC Odeceixe - Vilamoura,Não abrangido,Não abrangido,Não abrangido,Não abrangido,110,Não Abrangido,Sim,Não Abrangido,Sim
-997876.188299999,4442710.9645,897165,Beliche,Não,n.d.,n.d.,"37,025852925019 ; -8,9640743159885",Fiavel,Sagres,Vila do Bispo,Faro,Algarve,Algarve,Continente,Região de Turismo do Algarve,PNCT - Área de Intervenção,Parque Natural - Sudoeste Alentejano e Costa Vicentina,Rede Natura 2000 (Global),Costa Sudoeste,Costa Sudoeste,Não abrangido,Não abrangido,Não abrangido,Algarve,POC Odeceixe - Vilamoura,Não abrangido,Não abrangido,Não abrangido,Não abrangido,111,Não Abrangido,Sim,Não Abrangido,Sim
-996098.101599999,4439995.3889,897166,Tonel,Sim,n.d.,Sagres,"37,0063747963778 ; -8,9481014911421",Fiavel,Sagres,Vila do Bispo,Faro,Algarve,Algarve,Continente,Região de Turismo do Algarve,PNCT - Área de Intervenção,Parque Natural - Sudoeste Alentejano e Costa Vicentina,Rede Natura 2000 (Global),Costa Sudoeste,Costa Sudoeste,Não abrangido,Não abrangido,Não abrangido,Algarve,POC Odeceixe - Vilamoura,Não abrangido,Não abrangido,Não abrangido,Não abrangido,112,Não Abrangido,Sim,Não Abrangido,Sim
-995017.3957,4439922.2267,897167,Mareta,Não,n.d.,Sagres,"37,0058499532456 ; -8,93839334511723",Fiavel,Sagres,Vila do Bispo,Faro,Algarve,Algarve,Continente,Região de Turismo do Algarve,PNCT - Área de Intervenção,Parque Natural - Sudoeste Alentejano e Costa Vicentina,Rede Natura 2000 (Global),Costa Sudoeste,Costa Sudoeste,Não abrangido,Não abrangido,Não abrangido,Algarve,POC Odeceixe - Vilamoura,Não abrangido,Não abrangido,Não abrangido,Não abrangido,113,Não Abrangido,Sim,Não Abrangido,Sim
-993585.877500001,4441912.5279,897168,Martinhal,Não,n.d.,Martinhal,"37,0201264622232 ; -8,92553379847715",Fiavel,Sagres,Vila do Bispo,Faro,Algarve,Algarve,Continente,Região de Turismo do Algarve,PNCT - Área de Intervenção,Parque Natural - Sudoeste Alentejano e Costa Vicentina,Rede Natura 2000 (Global),Costa Sudoeste,Costa Sudoeste,Não abrangido,Não abrangido,Não abrangido,Algarve,POC Odeceixe - Vilamoura,Não abrangido,Não abrangido,Não abrangido,Não abrangido,114,Não Abrangido,Sim,Não Abrangido,Sim
-987329.6886,4445486.6949,897169,Zavial,Não,n.d.,n.d.,"37,0457573686979 ; -8,86933349766405",Fiavel,Vila do Bispo e Raposeira,Vila do Bispo,Faro,Algarve,Algarve,Continente,Região de Turismo do Algarve,PNCT - Área de Intervenção,Parque Natural - Sudoeste Alentejano e Costa Vicentina,Rede Natura 2000 (Global),Costa Sudoeste,Costa Sudoeste,Não abrangido,Não abrangido,Não abrangido,Algarve,POC Odeceixe - Vilamoura,Não abrangido,Não abrangido,Não abrangido,Não abrangido,115,Não Abrangido,Sim,Não Abrangido,Sim
-967560.993999999,4451038.1403,897170,Porto de Mós,Não,n.d.,Porto de Mós,"37,0855504898571 ; -8,69174829206159",Fiavel,São Gonçalo de Lagos,Lagos,Faro,Algarve,Algarve,Continente,Região de Turismo do Algarve,Não abrangido,Não abrangido,Não abrangido,Não abrangido,Não abrangido,Não abrangido,Não abrangido,Não abrangido,Algarve,POC Odeceixe - Vilamoura,Não abrangido,Não abrangido,Não abrangido,Não abrangido,116,Não Abrangido,Sim,Não Abrangido,Sim
-962476.873,4455510.9699,897171,Meia Praia,Não,n.d.,Meia Praia,"37,117596834606 ; -8,64607685652292",Fiavel,São Gonçalo de Lagos,Lagos,Faro,Algarve,Algarve,Continente,Região de Turismo do Algarve,Não abrangido,Não abrangido,Não abrangido,Não abrangido,Não abrangido,Faixa Costeira (5km),Zona Costeira (2km),Zona Terrestre de Proteção (margem + 500m),Algarve,POC Odeceixe - Vilamoura,Não abrangido,Não abrangido,Não abrangido,Não abrangido,117,Não Abrangido,Sim,Não Abrangido,Sim
-956796.766800001,4456206.8466,897172,Alvor,Sim,n.d.,Alvor,"37,1225813423894 ; -8,59505159427923",Fiavel,Alvor,Portimão,Faro,Algarve,Algarve,Continente,Região de Turismo do Algarve,Não abrangido,Não abrangido,Não abrangido,Não abrangido,Não abrangido,Não abrangido,Não abrangido,Não abrangido,Algarve,POC Odeceixe - Vilamoura,Não abrangido,Não abrangido,Não abrangido,Não abrangido,118,Não Abrangido,Sim,Não Abrangido,Sim
-900197.547200002,4447520.7504,897173,Forte Novo,Não,n.d.,Quarteira,"37,0603400335616 ; -8,08661215390878",Fiavel,Quarteira,Loulé,Faro,Algarve,Algarve,Continente,Região de Turismo do Algarve,Não abrangido,Não abrangido,Não abrangido,Não abrangido,Não abrangido,Não abrangido,Não abrangido,Não abrangido,Algarve,POOC Vilamoura - Vila Real de Santo António,Não abrangido,Não abrangido,Não abrangido,Não abrangido,119,Não Abrangido,Sim,Não Abrangido,Sim
-889608.949200001,4439888.4551,897174,Faro,Não,http://www.portugalsurfguide.pt/spots/algarve/faro,Praia de Faro,"37,0056076850398 ; -7,99149315923809",Fiavel,Montenegro,Faro,Faro,Algarve,Algarve,Continente,Região de Turismo do Algarve,Não abrangido,Parque Natural - Ria Formosa,Rede Natura 2000 (Global),Ria Formosa/Castro Marim,Ria Formosa,Não abrangido,Não abrangido,Não abrangido,Algarve,POOC Vilamoura - Vila Real de Santo António,Não abrangido,Não abrangido,Não abrangido,Não abrangido,120,Não Abrangido,Sim,Não Abrangido,Sim
-867652.4833,4444235.7712,897175,Cavacos,Não,n.d.,Marim,"37,0367877839965 ; -7,79425487053797",Fiavel,União das freguesias de Moncarapacho e Fuseta,Olhão,Faro,Algarve,Algarve,Continente,Região de Turismo do Algarve,Não abrangido,Parque Natural - Ria Formosa,Rede Natura 2000 (Global),Ria Formosa/Castro Marim,Ria Formosa,Não abrangido,Não abrangido,Não abrangido,Algarve,POOC Vilamoura - Vila Real de Santo António,Não abrangido,Não abrangido,Não abrangido,Não abrangido,121,Não Abrangido,Sim,Não Abrangido,Sim
-850252.3125,4453222.1691,897176,Terra Estreita,Sim,n.d.,Santa Luzia,"37,1012000274719 ; -7,63794647720938",Fiavel,Santa Luzia,Tavira,Faro,Algarve,Algarve,Continente,Região de Turismo do Algarve,Não abrangido,Parque Natural - Ria Formosa,Rede Natura 2000 (Global),Ria Formosa/Castro Marim,Ria Formosa,Não abrangido,Não abrangido,Não abrangido,Algarve,POOC Vilamoura - Vila Real de Santo António,Não abrangido,Não abrangido,Não abrangido,Não abrangido,122,Não Abrangido,Sim,Não Abrangido,Sim
-848141.6307,4454851.5577,897177,Ilha de Tavira,Não,n.d.,Ilha de Tavira,"37,1128732164272 ; -7,61898589969595",Fiavel,União das freguesias de Tavira (Santa Maria e Santiago),Tavira,Faro,Algarve,Algarve,Continente,Região de Turismo do Algarve,Não abrangido,Parque Natural - Ria Formosa,Rede Natura 2000 (Global),Ria Formosa/Castro Marim,Ria Formosa,Não abrangido,Não abrangido,Não abrangido,Algarve,POOC Vilamoura - Vila Real de Santo António,Não abrangido,Não abrangido,Não abrangido,Não abrangido,123,Não Abrangido,Sim,Não Abrangido,Sim
-834517.292800002,4462857.2108,897178,Alagoa / Altura,Não,n.d.,Altura,"37,1702007973395 ; -7,49659638958223",Fiavel,Altura,Castro Marim,Faro,Algarve,Algarve,Continente,Região de Turismo do Algarve,PNCT - Área de Intervenção,Não abrangido,Rede Natura 2000 (Global),Ria Formosa/Castro Marim,Não abrangido,Não abrangido,Não abrangido,Não abrangido,Algarve,POOC Vilamoura - Vila Real de Santo António,Não abrangido,Não abrangido,Não abrangido,Não abrangido,124,Não Abrangido,Sim,Não Abrangido,Sim
-1028949.945,4671291.2855,897179,Costa da Caparica (CDS),Não,http://www.portugalsurfguide.pt/spots/lisboa-regiao/cds,Costa da Caparica,"38,647410677438 ; -9,24321462203528",Fiavel,Costa da Caparica,Almada,Setúbal,Área Metropolitana de Lisboa,Área Metropolitana de Lisboa,Continente,Entidade Regional de Turismo da Região de Lisboa,Não abrangido,Não abrangido,Não abrangido,Não abrangido,Não abrangido,Faixa Costeira (5km),Zona Costeira (2km),Zona Terrestre de Proteção (margem + 500m),Área Metropolitana de Lisboa,POC Alcobaça - Cabo Espichel,Não abrangido,Não abrangido,Não abrangido,Não abrangido,125,Não Abrangido,Sim,Não Abrangido,Sim
-1023666.4644,4660717.27,897180,Costa da Caparica (Fonte da Telha),Não,http://www.portugalsurfguide.pt/spots/lisboa-regiao/fonte-da-telha,Fonte da Telha,"38,5731862774168 ; -9,19575230773857",Fiavel,Costa da Caparica,Almada,Setúbal,Área Metropolitana de Lisboa,Área Metropolitana de Lisboa,Continente,Entidade Regional de Turismo da Região de Lisboa,Não abrangido,Não abrangido,Não abrangido,Não abrangido,Não abrangido,Faixa Costeira (5km),Zona Costeira (2km),Zona Terrestre de Proteção (margem + 500m),Área Metropolitana de Lisboa,POC Alcobaça - Cabo Espichel,Não abrangido,Não abrangido,Não abrangido,Não abrangido,126,Não Abrangido,Sim,Não Abrangido,Sim
-1028459.4661,4670570.6684,897181,Costa da Caparica - Paraíso,Sim,n.d.,Costa da Caparica,"38,6423547369762 ; -9,23880857525702",Fiavel,Costa da Caparica,Almada,Setúbal,Área Metropolitana de Lisboa,Área Metropolitana de Lisboa,Continente,Entidade Regional de Turismo da Região de Lisboa,Não abrangido,Não abrangido,Não abrangido,Não abrangido,Não abrangido,Não abrangido,Não abrangido,Não abrangido,Área Metropolitana de Lisboa,POC Alcobaça - Cabo Espichel,Não abrangido,Não abrangido,Não abrangido,Não abrangido,127,Não Abrangido,Sim,Não Abrangido,Sim
-970177.3442,5043188.364,897182,Praia do Aterro,Não,n.d.,Leça da Palmeira,"41,2087986064557 ; -8,71525136592088",Fiavel,União das freguesias de Matosinhos e Leça da Palmeira,Matosinhos,Porto,Área Metropolitana do Porto,Norte,Continente,Turismo do Porto e Norte de Portugal,Não abrangido,Não abrangido,Não abrangido,Não abrangido,Não abrangido,Não abrangido,Não abrangido,Não abrangido,Norte,POC Caminha - Espinho,Não abrangido,Não abrangido,Não abrangido,Não abrangido,128,Não Abrangido,Sim,Não Abrangido,Sim
